LinkedIn URL,Company Name,Headline,First Subline,Second Subline,Website,Overview,Phone,Verified,Industry,Company Size,Headquarters,Type,Founded,Specialties,Locations,Scraped Time,SR
https://www.linkedin.com/company/digitactix,Digitactix,Advertising Services,"Mumbai, Maharashtra 11,627 followers","A decade of award-winning marketing expertise, now amplified by AI.",http://www.Digitactix.com,"Digitactix is a full-service digital marketing and branding agency helping brands grow through strategy-led creativity, performance marketing, and AI-enhanced execution. From branding, social media, SEO, and content to media planning, web development, and performance campaigns, we build digital systems designed for long-term brand growth, not short-term noise. We combine human creativity with smart technology to create marketing that feels intentional, scalable, and measurable.",7-6556-4,,Advertising Services,11-50 employees,"Mumbai, Maharashtra",Self-Owned,2015,"SEO Services, Pay per click, Web Developement, Content Management, Web Design, Creative Writing, Social Media Marketing (Paid & Organic), Search Engine Marketing , LinkedIn Marketing , Email Marketing , UI / UX, Branding , Media Planning Service , Graphic Design , Social Media Management , and Lead Generation","2nd Floor, DJ House, RK Paramhans Rd, Patel Wadi, Natwar Nagar, Jogeshwari East., Mumbai, Maharashtra 400069, IN",2026-08-03 12:51:00 IST,1
https://www.linkedin.com/company/orion-digital-,,,,,,,,,,,,,,,,2026-08-03 12:51:05 IST,2
https://www.linkedin.com/company/anbluxury,A&B Luxury,Advertising Services,"Mumbai, Maharashtra 3,388 followers",A Digital Strategy Agency for Luxury & Premium Brands.,https://anbluxury.com/,"A&B Luxury is a consulting and media firm for luxury & premium brands with a global footprint spanning Riyadh, Dubai, Mumbai, Brisbane & London. We solve complex business problems through strategic consulting and drive measurable growth through our proprietary digital media audience tool; OSIDE. With a forte in performance marketing, we generate retail sales growth, e-commerce growth & qualified digital Lead generation. Our team, led by Syed H, are astute data scientists and the visionary minds of advertising.",288429040,,Advertising Services,11-50 employees,"Mumbai, Maharashtra",Privately Held,2016,"Luxury Marketing, Luxury Media Planning, Luxury Consulting, and Luxury Strategy","A&B Luxury, WeWork Enam Sambhav, G Block BKC, Bandra Kurla Complex, Mumbai, Maharashtra 400051, IN; A&B Luxury, Regus, Level 9 Sheikh Mohammed bin Rashid Blvd - Burj Khalifa - Dubai - United Arab Emirates, Dubai, Dubai, AE; A&B Luxury, Jbr Tech Park, Whitefield, Bengaluru, Karnataka, Bangalore, Karnataka 560066, IN; Middlesex, 52 High Street Pinner, London HA5 5PW, United Kingdom, London, GB; 5 Queensland Ave, Broadbeach QLD 4218, Australia, Brisbane, AU",2026-08-03 12:51:07 IST,3
https://www.linkedin.com/company/the-4p-solutions,The 4P Solutions,Advertising Services,"Mumbai, Maharashtra 9,882 followers",We are a creative digital agency who comprehend the needs of emerging brands and deliver bespoke advertising campaigns.,http://www.the4psolutions.com,"The 4P Solutions has been generating smart and customized marketing solutions for local, regional, national as well as international clients right since it’s inception. We are a full service digital agency that works closely with clients to enable them to achieve their business goals by providing online marketing and communication solutions. Our integrated approach in marketing services and communication helps in solving the marketing challenges by first looking at the big picture and then breaking it down into smaller goals and then achieving them. For us our employees are the greatest asset as we have on board people who exhibit both strategist and imaginative thinking and demonstrate drive and passion for their work. This is the very reason why we have high levels of efficiency in client servicing and have more than 90% client retention ratio.",5-889121397,,Advertising Services,11-50 employees,"Mumbai, Maharashtra",Privately Held,2012,"Websites, Portals, Search Engine Marketing, Landing Pages, Emailer campaigns, Marketing collaterals, and Social Media Marketing","Neptune Flying Colours, 403 D, Dindayal Upadhyay Marg, Above Croma, Mulund Check Naka, Siddharth Nagar, Mulund West, Mumbai, Maharashtra 400080, IN",2026-08-03 12:51:13 IST,4
https://www.linkedin.com/company/techinfinity-io,Techinfinity,Advertising Services,"Mumbai, Maharashtra 13,338 followers",We deal into all kinds of IT Solutions right from making a Website to Designing a business plan for your new venture.,https://www.techinfinity.io/,"At Techinfinity, our work is shaped by curiosity, creativity, and a simple belief that every brand has a story worth telling and it deserves to be told in a way that drives real impact. Over the years, we’ve learned that great ideas need space, clarity, and care to grow. Whether it’s building digital experiences, designing creative campaigns, or bringing concepts to life in 3D, we focus on the craft and the impact. Here’s how we approach it: Performance Marketing: We look beyond clicks and impressions. Every campaign is an opportunity to understand people, connect meaningfully, and make data tell a story. Web & App Development: Turning a vision into a functioning, digital reality requires attention to detail, patience, and collaboration. Creative Design: Creativity isn’t just what we produce, it’s how we think. 3D Animation: Adding depth and dimension to a story makes it memorable. We use 3D not as a gimmick, but as a way to invite people into a brand’s world. Why do we do this? We follow the 3Vs of Marketing: Vision, Value, and Voice, but more than a framework, it’s how we approach every challenge thoughtfully. Vision keeps us dreaming, Value ensures what we create matters, and Voice makes sure it resonates. This approach has helped us collaborate with brands like ICICI Prudential, Mumbai Indians, Godrej, IndianOil, KFC, Orra Diamonds, and many others. From local success stories to global campaigns, the common thread has always been about impact-measured in sales, growth, and brand love. While we’re rooted in Mumbai, our work has reached brands and audiences across the UAE and beyond, helping businesses tell stories that resonate globally. We’re a team of over 90 passionate individuals, fuelled by curiosity, creativity, and the joy of turning bold ideas into tangible results. If you’re ready to scale your brand with strategies that blend creativity and performance, let’s connect at info@techinfinity.io",8705-2435,,Advertising Services,51-200 employees,"Mumbai, Maharashtra",Partnership,2015,"Web Development, Wordpress Website, Android App Development, Search Engine Optimisation, Digital Marketing, Social Media Management, Lead Generation, Social Media Ads, Email Marketing, App Development, Graphic Designing, Automation Solutions, and Performance Marketing","Navalkar Lane, Ground Floor, Edwankar House, Mumbai, Maharashtra 400004, IN",2026-08-03 12:51:18 IST,5
https://www.linkedin.com/company/biznex-app,Bizznex,Business Consulting and Services,"Mumbai, Maharashtra 365 followers",Branding l Marketing l Communication,https://biznex.app,BizneX is a digital support system that empowers entrepreneurs to accomplish their business goals,288429040,,Business Consulting and Services,11-50 employees,"Mumbai, Maharashtra",Self-Owned,,,"Gora Gandhi Compex, Borivali West, Mumbai, Mumbai, Maharashtra, IN",2026-08-03 12:51:23 IST,6
https://www.linkedin.com/company/dhiyara-digital,,,,,,,,,,,,,,,,2026-08-03 12:56:27 IST,7
https://www.linkedin.com/company/rannka-digital,,,,,,,,,,,,,,,,2026-08-03 12:56:30 IST,8
https://www.linkedin.com/company/dimerse-integrated-brand-experience-agency,Dimerse India,Advertising Services,"Mumbai, Maharashtra 33,239 followers",We’re Dimerse - An integrated brand experience agency to help brands discover and create their own impactful stories.,http://www.dimerse.com,"We are young and we are motivated. Since our inception, we've realized our umpteen potential as a top-notch end to end service provider. We are here to show you the bigger picture. One of our greatest assets is that we are a mid-sized agency, which means we are equipped with all the tools needed to take your brand to the next level, but will still work personally and closely with you - thus giving every project the time and attention it deserves. It is our mission to help revolutionize your brand and to vicariously make a difference through you.",4433-870,,Advertising Services,11-50 employees,"Mumbai, Maharashtra",Privately Held,2014,"Video Production, Website UI/UX, Photography, Digital Marketing, Animation, Mobile Apps, and AR/VR","Plot No. D-5 Road No. 20, Marol MIDC, Andheri East, Mumbai, Maharashtra 400069, 91 Springboard Lotus Park, Mumbai, Maharashtra 400069, IN",2026-08-03 12:56:32 IST,9
https://www.linkedin.com/company/3-minds-digital,,,,,,,41666667,,,,,,,,,2026-08-03 12:56:36 IST,10
https://www.linkedin.com/company/riddix,,,,,,,,,,,,,,,,2026-08-03 12:56:38 IST,11
https://www.linkedin.com/company/red-rock-india,Red Rock India,Advertising Services,"Mumbai, Maharashtra 1,938 followers",Events | Digital | Content | Consultants,http://www.redrockindia.in,"Red Rock India is a dynamic digital marketing agency based in Mumbai. With more than 50 years of cumulative experience, we specialize in driving business growth through innovative digital marketing strategies. Our expertise includes B2B marketing, SEO Services, social media management, E-commerce Marketing, Graphic Design Animation Services and content creation. We partner with businesses to deliver tailored solutions that align with their goals and industry demands. Our approach is highly client-centric. We collaborate closely with organizations to create personalized strategies that enhance brand visibility, generate leads, and nurture long-term customer relationships. Whether it's corporate events or comprehensive digital campaigns, we manage all aspects of your marketing needs, guaranteeing measurable results every step of the way. Red Rock India believes in the power of collaboration, creativity, and data-driven decisions. Our diverse team of skilled professionals is committed to helping businesses scale by leveraging the latest digital marketing tools and technology. Whether you’re a startup or an established enterprise, our mission is to empower your brand and deliver success in the digital age.",8993-4167,,Advertising Services,2-10 employees,"Mumbai, Maharashtra",Self-Owned,2020,"events, digital marketing, strategy, corporate av, creative agency, SEO, consultants, government tenders, corporate events, product launch, virtual events, brand activation, and exhibition booth design","Goregaon Mulund link Road,, Goregaon West, Mumbai, Maharashtra 400064, IN; Goregaon Mulund Link Road, Mumbai, Maharashtra 400063, IN",2026-08-03 12:56:40 IST,12
